<code_scheme name="Default" version="173">
  <option name="RIGHT_MARGIN" value="90" />
  <option name="ALIGN_MULTILINE_PARAMETERS_IN_CALLS" value="true" />
  <option name="SOFT_MARGINS" value="90" />
  <GoCodeStyleSettings>
    <option name="ADD_PARENTHESES_FOR_SINGLE_IMPORT" value="true" />
    <option name="ADD_LEADING_SPACE_TO_COMMENTS" value="true" />
  </GoCodeStyleSettings>
  <codeStyleSettings language="go">
    <indentOptions>
      <option name="SMART_TABS" value="true" />
    </indentOptions>
  </codeStyleSettings>
</code_scheme>