<application>
  <component name="FileTypeManager" version="17">
    <extensionMap>
      <mapping ext="config" type="JSON" />
      <mapping pattern=".gitkeep" type="PLAIN_TEXT" />
      <mapping pattern="switch_ck.go" type="PLAIN_TEXT" />
      <mapping ext="bk" type="PLAIN_TEXT" />
      <mapping ext="chaininfo" type="PLAIN_TEXT" />
      <mapping ext="param" type="PLAIN_TEXT" />
      <mapping ext="sol" type="PLAIN_TEXT" />
      <mapping ext="pi" type="PLAIN_TEXT" />
      <mapping ext="car" type="PLAIN_TEXT" />
      <mapping ext="key" type="PLAIN_TEXT" />
    </extensionMap>
  </component>
</application>