<application>
  <component name="LineMarkerSettings">
    <option name="providers">
      <map>
        <entry key="RenderedDoc" value="true" />
        <entry key="com.goide.editor.marker.GoRunGenerateLineMarkerProvider" value="true" />
        <entry key="com.goide.go.GoGotoSuperHandler$GoSuperMarkerProvider" value="true" />
        <entry key="com.goide.go.GoInheritorsSearch$GoInheritorMarkerProvider" value="true" />
        <entry key="com.intellij.codeInsight.ExternalAnnotationLineMarkerProvider" value="true" />
        <entry key="com.intellij.codeInsight.InferredContractAnnotationsLineMarkerProvider" value="true" />
        <entry key="com.intellij.codeInsight.InferredNullabilityAnnotationsLineMarkerProvider" value="true" />
        <entry key="com.intellij.codeInsight.daemon.impl.IconLineMarkerProvider" value="true" />
        <entry key="com.intellij.codeInsight.daemon.impl.RecursiveCallLineMarkerProvider" value="true" />
        <entry key="com.intellij.execution.lineMarker.RunLineMarkerProvider" value="true" />
        <entry key="com.intellij.lang.javascript.highlighting.JSRecursiveCallLineMarkerProvider" value="true" />
        <entry key="com.intellij.sql.editor.DatabaseNotebookLineMarkerProvider" value="true" />
        <entry key="com.intellij.sql.editor.SqlLineMarkerProvider" value="true" />
        <entry key="com.intellij.sql.editor.SqlRecursiveCallLineMakerProvider" value="true" />
        <entry key="com.intellij.ui.ColorLineMarkerProvider" value="true" />
        <entry key="com.intellij.ws.http.request.codeInsight.HttpRequestDiffLineMarkerProvider" value="true" />
        <entry key="devkit.beforeAfter" value="true" />
        <entry key="devkit.description" value="true" />
        <entry key="java.implemented" value="true" />
        <entry key="java.implementing" value="true" />
        <entry key="java.lambda" value="true" />
        <entry key="java.overridden" value="true" />
        <entry key="java.overriding" value="true" />
        <entry key="java.service" value="true" />
        <entry key="java.sibling.inherited" value="true" />
        <entry key="js.implemented" value="true" />
        <entry key="js.implementing" value="true" />
        <entry key="js.overridden" value="true" />
        <entry key="js.overriding" value="true" />
        <entry key="org.editorconfig.configmanagement.editor.EditorConfigPreviewMarkerProvider" value="true" />
        <entry key="org.jetbrains.idea.devkit.navigation.ExtensionDeclarationRelatedItemLineMarkerProvider" value="true" />
        <entry key="org.jetbrains.idea.devkit.references.DevKitRelatedPropertiesProvider" value="true" />
      </map>
    </option>
  </component>
</application>